{
  "project_info": {
    "project_number": "641984930477",
    "firebase_url": "https://needyserve.firebaseio.com",
    "project_id": "needyserve",
    "storage_bucket": "needyserve.appspot.com"
  },
  "client": [
    {
      "client_info": {
        "mobilesdk_app_id": "1:641984930477:android:5c40acdfa74436bd975c24",
        "android_client_info": {
          "package_name": "com.android.needyserve"
        }
      },
      "oauth_client": [
        {
          "client_id": "641984930477-81bvb2rvk999733gck5odm9lo9eeirh7.apps.googleusercontent.com",
          "client_type": 3
        }
      ],
      "api_key": [
        {
          "current_key": "AIzaSyC-4LVKcV4Wv9kHXO7fDijGev09oKGiEgM"
        }
      ],
      "services": {
        "appinvite_service": {
          "other_platform_oauth_client": [
            {
              "client_id": "641984930477-81bvb2rvk999733gck5odm9lo9eeirh7.apps.googleusercontent.com",
              "client_type": 3
            }
          ]
        }
      }
    }
  ],
  "configuration_version": "1"
}